iteration;exchange_no;tar_WA;confirmation_type;taskID;system_prompt;user_utterance;sysSA;sysRep.field;userValues;userFields;Openness;indValues..y.n..;system_words;numAVPs;NLUResult.values;NLUResult.fields;Correctly.transmitted.AVPs;Deletions;Substitutions;Insertions;PA.CO;PA.PA;PA.FA;PA.IC;X.constraints.left.in.agenda;numGoalChanges;indices.of.provided.restaurants;user.task.time;user.task.date;user.task.foodtype;user.task.price;user.task.localization;system.state.time;system.state.date;system.state.foodtype;system.state.price;system.state.localization;numConceptsIntroducedSoFar;ASRModel.used..1.simple..2.abstract..3.concrete.;barge.in;userSA;user_words;structS.time;structS.date;structS.foodtype;structS.price;structS.localization;user.scen.time;user.scen.date;user.scen.foodtype;user.scen.price;user.scen.localization
6;1;70;0;1;Guten Abend! Herzlich Willkommen bei Boris, dem Bochumer Restaurant-Informationssystem. Boris erlaubt es Ihnen, eine Recherche nach den folgenden Kriterien durchzuführen: der Art der Küche, der Tageszeit oder dem Preis der Mahlzeit, dem ungefähren Ort des Restaurants oder nach dessen Öffnungszeiten. Stellen Sie bitte Ihre Frage.;Ich möchte Ente essen.  ;request;ALL;poultry ;foodtype ;open;1;46;1;poultry ;foodtype ;1;0;0;0;1;0;0;0;0;0;;neutral;neutral;poultry;neutral;neutral;;;;;;1;0;0;provide ;4;;;;;;neutral;neutral;poultry;neutral;neutral
6;2;70;0;1;Es gibt mehrere auf Ihre Anfrage passende Restaurants.  {Haus Oekey                Auf dem Alten Kamp 10} {China                    Brückstr. 47    } {Mandarin Peking          Herner Str. 127 } Vielen dank, dass sie Boris benutzt haben. Auf Wiedersehen und einen schönen Abend! ;;inform;;;;na;0;36;0;;;NA;NA;NA;NA;NA;NA;NA;NA;0;0; 33 79 86;neutral;neutral;poultry;neutral;neutral;;;poultry ;;;1;NA;0;;0;hor ;hor ;cui11 ;;;neutral;neutral;poultry;neutral;neutral
10;1;100;0;5;Guten Abend! Herzlich Willkommen bei Boris, dem Bochumer Restaurant-Informationssystem. Boris erlaubt es Ihnen, eine Recherche nach den folgenden Kriterien durchzuführen: der Art der Küche, der Tageszeit oder dem Preis der Mahlzeit, dem ungefähren Ort des Restaurants oder nach dessen Öffnungszeiten. Stellen Sie bitte Ihre Frage.;Ich möchte äh in Bochum indisch essen gehen.  ;request;ALL;indian bochum ;foodtype localization ;open;1;46;2;indian ;foodtype ;1;1;0;0;0;1;0;0;0;0;;neutral;neutral;indian;neutral;bochum;;;;;;2;0;0;provide ;8;;;;;;neutral;neutral;indian;neutral;neutral
10;2;100;0;5;Es gibt mehrere auf Ihre Anfrage passende Restaurants.  {Taj Mahal                Kortumstr. 9    } {Shalimar Große Borbach 11} Vielen dank, dass sie Boris benutzt haben. Auf Wiedersehen und einen schönen Abend! ;;inform;;;;na;0;29;0;;;NA;NA;NA;NA;NA;NA;NA;NA;0;0; 95 155;neutral;neutral;indian;neutral;bochum;;;indian ;;;2;NA;0;;0;hor ;hor ;cui34 ;;;neutral;neutral;indian;neutral;neutral
11;1;100;0;1;Guten Tag! Herzlich Willkommen bei Boris, dem Bochumer Restaurant-Informationssystem. Sie können ein Restaurant auswählen nach der Art der Küche, nach der Tageszeit oder dem Preis der Mahlzeit, dem ungefähren Ort des Restaurants oder nach dessen Öffnungszeiten. Wie lautet Ihre Anfrage?;Ich möchte gerne wissen, wo ich Ente essen könnte.  ;request;ALL;poultry ;foodtype ;open;1;41;1;poultry yes ;foodtype logical ;1;0;0;1;0;0;0;1;0;0;;neutral;neutral;poultry;neutral;neutral;;;;;;1;0;0;provide ;9;;;;;;neutral;neutral;poultry;neutral;neutral
11;2;100;0;1;Es gibt mehrere auf Ihre Anfrage passende Restaurants.  {Haus Oekey                Auf dem Alten Kamp 10} {China                    Brückstr. 47    } {Mandarin Peking          Herner Str. 127 } Vielen dank, dass Sie Boris benutzt haben. Auf Wiederhören und einen schönen Tag! ;;inform;;;;na;0;36;0;;;NA;NA;NA;NA;NA;NA;NA;NA;0;0; 33 79 86;neutral;neutral;poultry;neutral;neutral;;;poultry ;;;1;NA;0;;0;hor ;hor ;cui11 ;;;neutral;neutral;poultry;neutral;neutral
14;1;70;0;4;Guten Tag! Herzlich Willkommen bei Boris, dem Bochumer Restaurant-Informationssystem. Sie können ein Restaurant auswählen nach der Art der Küche, nach der Tageszeit oder dem Preis der Mahlzeit, dem ungefähren Ort des Restaurants oder nach dessen Öffnungszeiten. Wie lautet Ihre Anfrage?;Die Küche soll italienisch sein und das soll Ganze soll in Querenburg an der Ruhr-Universität stattfinden.  ;request;ALL;italian querenburg ;foodtype localization ;open;1;41;2;italian midday querenburg wetter foodtype ;foodtype time localization localization field ;2;0;0;3;0;0;0;1;1;0;;neutral;neutral;italian;average;querenburg;;;;;;2;0;0;provide ;17;;;;;;neutral;neutral;italian;average;querenburg
14;2;70;0;4;Könnten Sie bitte den gewünschten Ort des Restaurants wiederholen?;Ja im Stadtteil Querenburg, an der Querenburger Strasse.  ;repetitionRequest;localization;querenburg ;localization ;closed;0;9;1;;;0;1;0;0;0;0;1;0;1;0;;neutral;neutral;italian;average;querenburg;midday ;;italian ;;querenburg wetter ;2;0;0;provide ;8;hor02 hor5 hor8 hor11 hor14 hor17 hor20 ;;cui20 ;;loc12 loc16 ;neutral;neutral;italian;average;querenburg
14;3;70;0;4;Es gibt kein passendes Restaurant auf Ihre Anfrage. Möchten Sie die Anfrage modifizieren?;Ja.  ;offerModification;logical;yes ;logical ;choice;0;13;1;;;0;1;0;0;0;0;1;0;1;0;;neutral;neutral;italian;average;querenburg;midday ;;italian ;;querenburg wetter ;2;0;0;accept ;1;hor ;hor ;cui20 ;;loc12 loc16 ;neutral;neutral;italian;average;querenburg
14;4;70;0;4;Vielen dank, dass Sie Boris benutzt haben. Auf Wiederhören und einen schönen Tag!;;bye;bye;;;na;0;13;0;;;NA;NA;NA;NA;NA;NA;NA;NA;1;0;;neutral;neutral;italian;average;querenburg;midday ;;italian ;;querenburg wetter ;2;NA;0;;0;hor ;hor ;cui20 ;;loc12 loc16 ;neutral;neutral;italian;average;querenburg
16;1;100;0;1;Guten Tag! Herzlich Willkommen bei Boris, dem Bochumer Restaurant-Informationssystem. Sie können ein Restaurant auswählen nach der Art der Küche, nach der Tageszeit oder dem Preis der Mahlzeit, dem ungefähren Ort des Restaurants oder nach dessen Öffnungszeiten. Wie lautet Ihre Anfrage?;Ich möchte ein Restaurant auswählen nach der Art der Küche.  ;request;ALL;foodtype ;field ;open;1;41;1;foodtype ;field ;1;0;0;0;1;0;0;0;1;0;;neutral;neutral;poultry;neutral;neutral;;;;;;1;0;0;provide ;10;;;;;;neutral;neutral;poultry;neutral;neutral
16;2;100;0;1;Sie können zwischen den folgenden Möglichkeiten wählen: italienische, französische, griechische oder chinesische Küche oder keine Präferenz.;Ich möchte ein Restaurant erfahren, wo ich Ente essen kann.  ;indicateValues;foodtype;poultry ;foodtype ;choice;1;16;1;poultry foodtype ;foodtype field ;1;0;0;1;0;0;0;1;0;0;;neutral;neutral;poultry;neutral;neutral;;;;;;2;0;0;provide ;10;;;;;;neutral;neutral;poultry;neutral;neutral
16;3;100;0;1;Es gibt mehrere auf Ihre Anfrage passende Restaurants.  {Haus Oekey                Auf dem Alten Kamp 10} {China                    Brückstr. 47    } {Mandarin Peking          Herner Str. 127 } Vielen dank, dass Sie Boris benutzt haben. Auf Wiederhören und einen schönen Tag! ;;inform;;;;na;0;36;0;;;NA;NA;NA;NA;NA;NA;NA;NA;0;0; 33 79 86;neutral;neutral;poultry;neutral;neutral;;;poultry ;;;2;NA;0;;0;hor ;hor ;cui11 ;;;neutral;neutral;poultry;neutral;neutral
19;1;100;0;4;Guten Tag! Herzlich Willkommen bei Boris, dem Bochumer Restaurant-Informationssystem. Sie können ein Restaurant auswählen nach der Art der Küche, nach der Tageszeit oder dem Preis der Mahlzeit, dem ungefähren Ort des Restaurants oder nach dessen Öffnungszeiten. Wie lautet Ihre Anfrage?;Nach der Art der Küche und den Ort. Ähm, ich suche ein italienisches Restaurant in Bochum Querenburg.  ;request;ALL;italian querenburg foodtype localization ;foodtype localization field field ;open;1;41;4;italian querenburg foodtype localization ;foodtype localization field field ;4;0;0;0;1;0;0;0;1;0;;neutral;neutral;italian;average;querenburg;;;;;;4;0;0;provide ;17;;;;;;neutral;neutral;italian;average;querenburg
19;2;100;0;4;Es gibt mehrere auf Ihre Anfrage passende Restaurants.  {Summa cum Laude          Querenburger Höhe 282} {Mediteranee Querenburger Höhe 267} Vielen dank, dass Sie Boris benutzt haben. Auf Wiederhören und einen schönen Tag! ;;inform;;;;na;0;31;0;;;NA;NA;NA;NA;NA;NA;NA;NA;1;0; 58 136;neutral;neutral;italian;average;querenburg;;;italian ;;querenburg ;4;NA;0;;0;hor ;hor ;cui20 ;;loc12 ;neutral;neutral;italian;average;querenburg
26;1;100;1;1;Guten Tag! Herzlich Willkommen bei Boris, dem Bochumer Restaurant-Informationssystem. Sie können ein Restaurant auswählen nach der Art der Küche, nach der Tageszeit oder dem Preis der Mahlzeit, dem ungefähren Ort des Restaurants oder nach dessen Öffnungszeiten. Wie lautet Ihre Anfrage?;Ähm nach dem, nach dem Essen. Wo ich gerne, ähm. Ich möchte gerne wissen, wo ich Ente essen könnte.  ;request;ALL;poultry ;foodtype ;open;1;41;1;poultry yes ;foodtype logical ;1;0;0;1;0;0;0;1;0;0;;neutral;neutral;poultry;neutral;neutral;;;;;;1;0;0;provide ;19;;;;;;neutral;neutral;poultry;neutral;neutral
26;2;100;1;1;Sie möchten also Geflügel essen gehen?;Ja.  ;explConfirm;;yes ;logical ;closed;0;6;1;yes ;logical ;1;0;0;0;1;0;0;0;0;0;;neutral;neutral;poultry;neutral;neutral;;;poultry ;;;1;0;0;affirm ;1;;hor ;cui11 ;;;neutral;neutral;poultry;neutral;neutral
26;3;100;1;1;Es gibt mehrere auf Ihre Anfrage passende Restaurants.  {Haus Oekey                Auf dem Alten Kamp 10} {China                    Brückstr. 47    } {Mandarin Peking          Herner Str. 127 } Vielen dank, dass Sie Boris benutzt haben. Auf Wiederhören und einen schönen Tag! ;;inform;;;;na;0;36;0;;;NA;NA;NA;NA;NA;NA;NA;NA;0;0; 33 79 86;neutral;neutral;poultry;neutral;neutral;;;poultry ;;;1;NA;0;;0;hor ;hor ;cui11 ;;;neutral;neutral;poultry;neutral;neutral
28;1;60;1;3;Guten Tag! Herzlich Willkommen bei Boris, dem Bochumer Restaurant-Informationssystem. Sie können ein Restaurant auswählen nach der Art der Küche, nach der Tageszeit oder dem Preis der Mahlzeit, dem ungefähren Ort des Restaurants oder nach dessen Öffnungszeiten. Wie lautet Ihre Anfrage?;Ich möchte gerne in der Innenstadt chinesisch essen gehen, zur Mittagspause. ;request;ALL;chinese midday centre ;foodtype time localization ;open;1;41;3;indian centre neutral ;foodtype localization logical ;1;1;1;1;0;0;0;1;1;0;;midday;neutral;chinese;expensive;centre;;;;;;3;0;0;provide ;11;;;;;;midday;neutral;chinese;expensive;centre
28;2;60;1;3;Sie möchten also in der Innenstadt indisch essen gehen?;Nein, chinesisch essen gehen. ;explConfirm;;chinese ;foodtype ;closed;0;9;1;midday no ;time logical ;0;1;0;2;0;0;0;1;1;0;;midday;neutral;chinese;expensive;centre;;;indian ;;centre ;3;0;0;provide ;4;;hor ;cui34 ;;loc01 ;midday;neutral;chinese;expensive;centre
28;3;60;1;3;Wiederholen Sie bitte die Art der Küche.;Chinesisch. ;repetitionRequest;foodtype;chinese ;foodtype ;closed;0;7;1;;;0;1;0;0;0;0;1;0;1;0;;midday;neutral;chinese;expensive;centre;midday ;;;;;3;0;0;provide ;1;hor02 hor5 hor8 hor11 hor14 hor17 hor20 ;hor ;cui34 ;;loc01 ;midday;neutral;chinese;expensive;centre
28;4;60;1;3;Hier ist das passende Restaurant auf Ihre Anfrage.  {Taj Mahal                Kortumstr. 9    } Vielen dank, dass Sie Boris benutzt haben. Auf Wiederhören und einen schönen Tag! ;;inform;;;;na;0;25;0;;;NA;NA;NA;NA;NA;NA;NA;NA;1;0;95;midday;neutral;chinese;expensive;centre;midday ;;;;;3;NA;0;;0;hor ;hor ;cui34 ;;loc01 ;midday;neutral;chinese;expensive;centre
29;1;90;1;4;Guten Tag! Herzlich Willkommen bei Boris, dem Bochumer Restaurant-Informationssystem. Sie können ein Restaurant auswählen nach der Art der Küche, nach der Tageszeit oder dem Preis der Mahlzeit, dem ungefähren Ort des Restaurants oder nach dessen Öffnungszeiten. Wie lautet Ihre Anfrage?;Guten Tag ich würde gerne italienisch essen gehen, im Raum Querenburg, Querenburg und der Preis soll in mittlerer Preisklasse sein.  ;request;ALL;italian average querenburg ;foodtype price localization ;open;1;41;3;italian querenburg yes date price ;foodtype localization logical field field ;2;1;0;3;0;0;0;1;0;0;;neutral;neutral;italian;average;querenburg;;;;;;3;0;0;provide ;20;;;;;;neutral;neutral;italian;average;querenburg
29;2;90;1;4;Die Möglichkeiten lauten wie folgt: die Wochentage, samstags, sonntags oder keine Präferenz.;Hm, am Samstag.  ;indicateValues;date;saturday ;date ;choice;1;12;1;saturday ;date ;1;0;0;0;1;0;0;0;0;1;;neutral;saturday;italian;average;querenburg;;;italian ;;querenburg ;4;0;0;provide ;3;;;cui20 ;;loc12 ;neutral;neutral;italian;average;querenburg
29;3;90;1;4;Sie möchten also Samstag essen gehen?;Ja.  ;explConfirm;;yes ;logical ;closed;0;6;1;yes ;logical ;1;0;0;0;1;0;0;0;0;1;;neutral;saturday;italian;average;querenburg;;saturday ;italian ;;querenburg ;4;0;0;affirm ;1;hor ;hor16 hor17 hor18 ;cui20 ;;loc12 ;neutral;neutral;italian;average;querenburg
29;4;90;1;4;Es gibt mehrere auf Ihre Anfrage passende Restaurants.  {Summa cum Laude          Querenburger Höhe 282} {Mediteranee Querenburger Höhe 267} Vielen dank, dass Sie Boris benutzt haben. Auf Wiederhören und einen schönen Tag! ;;inform;;;;na;0;31;0;;;NA;NA;NA;NA;NA;NA;NA;NA;0;1; 58 136;neutral;saturday;italian;average;querenburg;;saturday ;italian ;;querenburg ;4;NA;0;;0;;;cui20 ;;loc12 ;neutral;neutral;italian;average;querenburg
33;1;70;1;3;Guten Tag! Herzlich Willkommen bei Boris, dem Bochumer Restaurant-Informationssystem. Sie können ein Restaurant auswählen nach der Art der Küche, nach der Tageszeit oder dem Preis der Mahlzeit, dem ungefähren Ort des Restaurants oder nach dessen Öffnungszeiten. Wie lautet Ihre Anfrage?;Ich möchte in der Mittagspause in der Innenstadt chinesisch essen gehen, relativ teuer.  ;request;ALL;chinese midday expensive centre ;foodtype time price localization ;open;1;41;4;chinese expensive centre ;foodtype price localization ;3;1;0;0;0;1;0;0;0;0;;midday;neutral;chinese;expensive;centre;;;;;;4;0;0;provide ;13;;;;;;midday;neutral;chinese;expensive;centre
33;2;70;1;3;Sie möchten also in der Innenstadt in der oberen Preisklasse chinesisch essen gehen?;Ja.  ;explConfirm;;yes ;logical ;closed;0;13;1;yes ;logical ;1;0;0;0;1;0;0;0;0;0;;midday;neutral;chinese;expensive;centre;;;chinese ;expensive ;centre ;4;0;0;affirm ;1;;hor ;cui35 ;prx5 prx6 prx7 prx8 ;loc01 ;midday;neutral;chinese;expensive;centre
33;3;70;1;3;Es gibt kein passendes Restaurant auf Ihre Anfrage. Möchten Sie die Anfrage modifizieren?;Hm, dann nicht ganz so teuer.  ;offerModification;logical;average ;price ;choice;0;13;1;expensive no ;price logical ;0;0;1;1;0;0;0;1;0;1;;midday;neutral;chinese;average;centre;;;chinese ;expensive ;centre ;5;0;0;provide ;6;hor ;hor ;cui35 ;prx5 prx6 prx7 prx8 ;loc01 ;midday;neutral;chinese;neutral;centre
33;4;70;1;3;Vielen dank, dass Sie Boris benutzt haben. Auf Wiederhören und einen schönen Tag!;;bye;bye;;;na;0;13;0;;;NA;NA;NA;NA;NA;NA;NA;NA;0;1;;midday;neutral;chinese;average;centre;;;chinese ;expensive ;centre ;5;NA;0;;0;hor ;hor ;cui35 ;prx5 prx6 prx7 prx8 ;loc01 ;midday;neutral;chinese;neutral;centre
34;1;100;1;4;Guten Tag! Herzlich Willkommen bei Boris, dem Bochumer Restaurant-Informationssystem. Sie können ein Restaurant auswählen nach der Art der Küche, nach der Tageszeit oder dem Preis der Mahlzeit, dem ungefähren Ort des Restaurants oder nach dessen Öffnungszeiten. Wie lautet Ihre Anfrage?;Ich möchte gerne italienisch essen gehen in Querenburg in der mittleren Preisklasse.  ;request;ALL;italian average querenburg ;foodtype price localization ;open;1;41;3;italian querenburg yes ;foodtype localization logical ;2;1;0;1;0;0;0;1;0;0;;neutral;neutral;italian;average;querenburg;;;;;;3;0;0;provide ;12;;;;;;neutral;neutral;italian;average;querenburg
34;2;100;1;4;Sie möchten also in Querenburg italienisch essen gehen?;Ja.  ;explConfirm;;yes ;logical ;closed;0;8;1;yes ;logical ;1;0;0;0;1;0;0;0;0;0;;neutral;neutral;italian;average;querenburg;;;italian ;;querenburg ;3;0;0;affirm ;1;;hor ;cui20 ;;loc12 ;neutral;neutral;italian;average;querenburg
34;3;100;1;4;Es gibt mehrere auf Ihre Anfrage passende Restaurants.  {Summa cum Laude          Querenburger Höhe 282} {Mediteranee Querenburger Höhe 267} Vielen dank, dass Sie Boris benutzt haben. Auf Wiederhören und einen schönen Tag! ;;inform;;;;na;0;31;0;;;NA;NA;NA;NA;NA;NA;NA;NA;0;0; 58 136;neutral;neutral;italian;average;querenburg;;;italian ;;querenburg ;3;NA;0;;0;hor ;hor ;cui20 ;;loc12 ;neutral;neutral;italian;average;querenburg
35;1;80;1;5;Guten Tag! Herzlich Willkommen bei Boris, dem Bochumer Restaurant-Informationssystem. Sie können ein Restaurant auswählen nach der Art der Küche, nach der Tageszeit oder dem Preis der Mahlzeit, dem ungefähren Ort des Restaurants oder nach dessen Öffnungszeiten. Wie lautet Ihre Anfrage?;Ich möchte gerne Samstag Abend indisch essen gehen in der mittleren Preisklasse.  ;request;ALL;saturday indian evening average ;date foodtype time price ;open;1;41;4;saturday indian evening yes ;date foodtype time logical ;3;1;0;1;0;0;0;1;0;0;;evening;saturday;indian;average;neutral;;;;;;4;0;0;provide ;12;;;;;;evening;saturday;indian;average;neutral
35;2;80;1;5;Sie möchten also Samstag Abend indisch essen gehen?;Ja.  ;explConfirm;;yes ;logical ;closed;0;8;1;yes ;logical ;1;0;0;0;1;0;0;0;0;0;;evening;saturday;indian;average;neutral;evening ;saturday ;indian ;;;4;0;0;affirm ;1;hor18 ;hor18 ;cui34 ;;;evening;saturday;indian;average;neutral
35;3;80;1;5;Es gibt mehrere auf Ihre Anfrage passende Restaurants.  {Taj Mahal                Kortumstr. 9    } {Shalimar Große Borbach 11} Vielen dank, dass Sie Boris benutzt haben. Auf Wiederhören und einen schönen Tag! ;;inform;;;;na;0;29;0;;;NA;NA;NA;NA;NA;NA;NA;NA;0;0; 95 155;evening;saturday;indian;average;neutral;evening ;saturday ;indian ;;;4;NA;0;;0;hor18 ;hor18 ;cui34 ;;;evening;saturday;indian;average;neutral
41;1;80;1;1;Guten Abend! Herzlich Willkommen bei Boris, dem Bochumer Restaurant-Informationssystem. Boris erlaubt es Ihnen, eine Recherche nach den folgenden Kriterien durchzuführen: der Art der Küche, der Tageszeit oder dem Preis der Mahlzeit, dem ungefähren Ort des Restaurants oder nach dessen Öffnungszeiten. Stellen Sie bitte Ihre Frage.;Wo kann ich Ente essen gehen? ;request;ALL;poultry ;foodtype ;open;1;46;1;poultry ;foodtype ;1;0;0;0;1;0;0;0;0;0;;neutral;neutral;poultry;neutral;neutral;;;;;;1;0;0;provide ;6;;;;;;neutral;neutral;poultry;neutral;neutral
41;2;80;1;1;Sie möchten also Geflügel essen gehen?;Ja.  ;explConfirm;;yes ;logical ;closed;0;6;1;yes ;logical ;1;0;0;0;1;0;0;0;0;0;;neutral;neutral;poultry;neutral;neutral;;;poultry ;;;1;0;0;affirm ;1;;hor ;cui11 ;;;neutral;neutral;poultry;neutral;neutral
41;3;80;1;1;Es gibt mehrere auf Ihre Anfrage passende Restaurants.  {Haus Oekey                Auf dem Alten Kamp 10} {China                    Brückstr. 47    } {Mandarin Peking          Herner Str. 127 } Vielen dank, dass sie Boris benutzt haben. Auf Wiedersehen und einen schönen Abend! ;;inform;;;;na;0;36;0;;;NA;NA;NA;NA;NA;NA;NA;NA;0;0; 33 79 86;neutral;neutral;poultry;neutral;neutral;;;poultry ;;;1;NA;0;;0;hor ;hor ;cui11 ;;;neutral;neutral;poultry;neutral;neutral
61;1;90;1;1;Guten Tag! Herzlich Willkommen bei Boris, dem Bochumer Restaurant-Informationssystem. Sie können ein Restaurant auswählen nach der Art der Küche, nach der Tageszeit oder dem Preis der Mahlzeit, dem ungefähren Ort des Restaurants oder nach dessen Öffnungszeiten. Wie lautet Ihre Anfrage?;Ich möchte gerne Ente essen .  ;request;ALL;poultry ;foodtype ;open;1;41;1;poultry yes ;foodtype logical ;1;0;0;1;0;0;0;1;0;0;;neutral;neutral;poultry;neutral;neutral;;;;;;1;0;0;provide ;5;;;;;;neutral;neutral;poultry;neutral;neutral
61;2;90;1;1;Sie möchten also Geflügel essen gehen?;Ja.  ;explConfirm;;yes ;logical ;closed;0;6;1;yes ;logical ;1;0;0;0;1;0;0;0;0;0;;neutral;neutral;poultry;neutral;neutral;;;poultry ;;;1;0;0;affirm ;1;;hor ;cui11 ;;;neutral;neutral;poultry;neutral;neutral
61;3;90;1;1;Es gibt mehrere auf Ihre Anfrage passende Restaurants.  {Haus Oekey                Auf dem Alten Kamp 10} {China                    Brückstr. 47    } {Mandarin Peking          Herner Str. 127 } Vielen dank, dass Sie Boris benutzt haben. Auf Wiederhören und einen schönen Tag! ;;inform;;;;na;0;36;0;;;NA;NA;NA;NA;NA;NA;NA;NA;0;0; 33 79 86;neutral;neutral;poultry;neutral;neutral;;;poultry ;;;1;NA;0;;0;hor ;hor ;cui11 ;;;neutral;neutral;poultry;neutral;neutral
62;1;100;0;2;Guten Tag! Herzlich Willkommen bei Boris, dem Bochumer Restaurant-Informationssystem. Sie können ein Restaurant auswählen nach der Art der Küche, nach der Tageszeit oder dem Preis der Mahlzeit, dem ungefähren Ort des Restaurants oder nach dessen Öffnungszeiten. Wie lautet Ihre Anfrage?;Ich möchte gerne Dienstag Abend in Grumme griechisch essen gehen.  ;request;ALL;tuesday greek evening grumme ;date foodtype time localization ;open;1;41;4;tuesday greek evening grumme yes ;date foodtype time localization logical ;4;0;0;1;0;0;0;1;1;0;;evening;tuesday;greek;cheap;grumme;;;;;;4;0;0;provide ;10;;;;;;evening;tuesday;greek;cheap;grumme
62;2;100;0;2;Es gibt kein passendes Restaurant auf Ihre Anfrage. Möchten Sie die Anfrage modifizieren?;Ich möchte gerne Dienstag Abend in Weitmar essen gehen, griechisch.  ;offerModification;logical;tuesday greek evening weitmar ;date foodtype time localization ;choice;0;13;4;tuesday greek evening weitmar yes ;date foodtype time localization logical ;4;0;0;1;0;0;0;1;1;1;;evening;tuesday;greek;cheap;weitmar;evening ;tuesday ;greek ;;grumme ;5;0;0;provide ;10;hor6 ;hor6 ;cui22 ;;loc7 ;evening;tuesday;greek;cheap;weitmar
62;3;100;0;2;Sie können die Art der Küche, die Tageszeit oder den Preis der Mahlzeit, den ungefähren Ort des Restaurants oder dessen Öffnungszeiten ändern. Geben Sie bitte Ihre Änderung an.;Dienstag abend, in Weitmar, griechisch.  ;request;field;tuesday greek evening weitmar ;date foodtype time localization ;closed;1;28;4;tuesday greek evening weitmar ;date foodtype time localization ;4;0;0;0;1;0;0;0;1;1;;evening;tuesday;greek;cheap;weitmar;evening ;tuesday ;greek ;;weitmar grumme ;5;0;0;provide ;5;hor3 hor6 hor9 hor12 hor15 hor18 hor21 ;hor4 hor5 hor6 ;cui22 ;;loc8 ;evening;tuesday;greek;cheap;weitmar
62;4;100;0;2;Hier ist das passende Restaurant auf Ihre Anfrage.  {Arthemis                 Wasserstr. 149  } Vielen dank, dass Sie Boris benutzt haben. Auf Wiederhören und einen schönen Tag! ;;inform;;;;na;0;24;0;;;NA;NA;NA;NA;NA;NA;NA;NA;1;1;101;evening;tuesday;greek;cheap;weitmar;evening ;tuesday ;greek ;;weitmar grumme ;5;NA;0;;0;hor6 ;hor6 ;cui22 ;;loc8 ;evening;tuesday;greek;cheap;weitmar
63;1;70;0;3;Guten Tag! Herzlich Willkommen bei Boris, dem Bochumer Restaurant-Informationssystem. Sie können ein Restaurant auswählen nach der Art der Küche, nach der Tageszeit oder dem Preis der Mahlzeit, dem ungefähren Ort des Restaurants oder nach dessen Öffnungszeiten. Wie lautet Ihre Anfrage?;ich mÖchte mittags xin der innenstadt imbiss essen gehen  xder preis ist recht xhoch ;request;ALL;midday expensive centre ;time price localization ;open;1;41;3;midday centre price ;time localization field ;2;1;0;1;0;0;0;1;1;0;;midday;neutral;chinese;expensive;centre;;;;;;3;0;0;provide ;14;;;;;;midday;neutral;chinese;expensive;centre
63;2;70;0;3;Sie haben folgende Auswahlmöglichkeiten: obere, mittlere, oder untere Preisklasse oder keine Präferenz.;Obere Preisklasse.  ;indicateValues;price;expensive ;price ;choice;1;12;1;expensive ;price ;1;0;0;0;1;0;0;0;1;0;;midday;neutral;chinese;expensive;centre;midday ;;;;centre ;3;0;0;provide ;2;hor02 hor5 hor8 hor11 hor14 hor17 hor20 ;;;;loc01 ;midday;neutral;chinese;expensive;centre
63;3;70;0;3;Hier ist das passende Restaurant auf Ihre Anfrage.  {Taj Mahal                Kortumstr. 9    } Vielen dank, dass Sie Boris benutzt haben. Auf Wiederhören und einen schönen Tag! ;;inform;;;;na;0;25;0;;;NA;NA;NA;NA;NA;NA;NA;NA;1;0;95;midday;neutral;chinese;expensive;centre;midday ;;;expensive ;centre ;3;NA;0;;0;hor ;hor ;;prx5 prx6 prx7 prx8 ;loc01 ;midday;neutral;chinese;expensive;centre
74;1;70;0;4;Guten Tag! Herzlich Willkommen bei Boris, dem Bochumer Restaurant-Informationssystem. Sie können ein Restaurant auswählen nach der Art der Küche, nach der Tageszeit oder dem Preis der Mahlzeit, dem ungefähren Ort des Restaurants oder nach dessen Öffnungszeiten. Wie lautet Ihre Anfrage?;Nach dem Preis.  ;request;ALL;price ;field ;open;1;41;1;lamb price ;foodtype field ;1;0;0;1;0;0;0;1;3;0;;neutral;neutral;italian;average;querenburg;;;;;;1;0;0;provide ;3;;;;;;neutral;neutral;italian;average;querenburg
74;2;70;0;4;Sie haben folgende Auswahlmöglichkeiten: obere, mittlere, oder untere Preisklasse oder keine Präferenz.;Mittlere Preisklasse.  ;indicateValues;price;average ;price ;choice;1;12;1;;;0;1;0;0;0;0;1;0;2;0;;neutral;neutral;italian;average;querenburg;;;lamb ;;;2;0;0;provide ;2;;;cui10 ;;;neutral;neutral;italian;average;querenburg
74;3;70;0;4;Es gibt mehrere auf Ihre Anfrage passende Restaurants.  {Bosporus Stiepeler Str. 134} {Goldenes Horn Kortumstr. 20a} Vielen dank, dass Sie Boris benutzt haben. Auf Wiederhören und einen schönen Tag! ;;inform;;;;na;0;29;0;;;NA;NA;NA;NA;NA;NA;NA;NA;2;0; 156 158;neutral;neutral;italian;average;querenburg;;;lamb ;;;2;NA;0;;0;hor ;hor ;cui10 ;;;neutral;neutral;italian;average;querenburg
76;1;100;0;1;Guten Abend! Herzlich Willkommen bei Boris, dem Bochumer Restaurant-Informationssystem. Boris erlaubt es Ihnen, eine Recherche nach den folgenden Kriterien durchzuführen: der Art der Küche, der Tageszeit oder dem Preis der Mahlzeit, dem ungefähren Ort des Restaurants oder nach dessen Öffnungszeiten. Stellen Sie bitte Ihre Frage.;Wo kann ich Ente essen?  ;request;ALL;poultry ;foodtype ;open;1;46;1;poultry ;foodtype ;1;0;0;0;1;0;0;0;0;0;;neutral;neutral;poultry;neutral;neutral;;;;;;1;0;0;provide ;5;;;;;;neutral;neutral;poultry;neutral;neutral
76;2;100;0;1;Es gibt mehrere auf Ihre Anfrage passende Restaurants.  {Haus Oekey                Auf dem Alten Kamp 10} {China                    Brückstr. 47    } {Mandarin Peking          Herner Str. 127 } Vielen dank, dass sie Boris benutzt haben. Auf Wiedersehen und einen schönen Abend! ;;inform;;;;na;0;36;0;;;NA;NA;NA;NA;NA;NA;NA;NA;0;0; 33 79 86;neutral;neutral;poultry;neutral;neutral;;;poultry ;;;1;NA;0;;0;hor ;hor ;cui11 ;;;neutral;neutral;poultry;neutral;neutral
79;1;100;0;4;Guten Abend! Herzlich Willkommen bei Boris, dem Bochumer Restaurant-Informationssystem. Boris erlaubt es Ihnen, eine Recherche nach den folgenden Kriterien durchzuführen: der Art der Küche, der Tageszeit oder dem Preis der Mahlzeit, dem ungefähren Ort des Restaurants oder nach dessen Öffnungszeiten. Stellen Sie bitte Ihre Frage.;Ich möchte ganz gerne in der Nähe der Ruhr-Universität Bochum italienisch essen gehen. Der Preis sollte dabei in der mittleren Kategorie liegen. Hallo?  ;request;ALL;italian average querenburg ;foodtype price localization ;open;1;46;3;italian yes price ;foodtype logical field ;1;2;0;2;0;0;0;1;0;0;;neutral;neutral;italian;average;querenburg;;;;;;3;0;0;provide ;24;;;;;;neutral;neutral;italian;average;querenburg
79;2;100;0;4;Sie haben folgende Auswahlmöglichkeiten: obere, mittlere, oder untere Preisklasse oder keine Präferenz.;Mittlere Preisklasse.  ;indicateValues;price;average ;price ;choice;1;12;1;average ;price ;1;0;0;0;1;0;0;0;0;0;;neutral;neutral;italian;average;querenburg;;;italian ;;;3;0;0;provide ;2;;;cui20 ;;;neutral;neutral;italian;average;querenburg
79;3;100;0;4;Es gibt mehrere auf Ihre Anfrage passende Restaurants.  {Basilea am alten Rathaus Untermarkt 10    } {Da Capo                  Springerplatz 34} {Pinocchio Hörder Str. 330} Vielen dank, dass sie Boris benutzt haben. Auf Wiedersehen und einen schönen Abend! ;;inform;;;;na;0;35;0;;;NA;NA;NA;NA;NA;NA;NA;NA;0;0; 119 121 139;neutral;neutral;italian;average;querenburg;;;italian ;average ;;3;NA;0;;0;hor ;hor ;cui20 ;prx3 prx4 prx5 ;;neutral;neutral;italian;average;querenburg
81;1;60;1;1;Guten Abend! Herzlich Willkommen bei Boris, dem Bochumer Restaurant-Informationssystem. Boris erlaubt es Ihnen, eine Recherche nach den folgenden Kriterien durchzuführen: der Art der Küche, der Tageszeit oder dem Preis der Mahlzeit, dem ungefähren Ort des Restaurants oder nach dessen Öffnungszeiten. Stellen Sie bitte Ihre Frage.;Ich würde gerne heute Abend in Bochum Zentrum Ente essen.  ;request;ALL;thursday poultry evening centre ;date foodtype time localization ;open;1;46;4;thursday poultry evening yes ;date foodtype time logical ;3;1;0;1;0;0;0;1;0;0;;evening;thursday;poultry;neutral;centre;;;;;;4;0;0;provide ;10;;;;;;neutral;neutral;poultry;neutral;neutral
81;2;60;1;1;Sie möchten also Donnerstag Abend Geflügel essen gehen?;Ja.  ;explConfirm;;yes ;logical ;closed;0;8;1;yes ;logical ;1;0;0;0;1;0;0;0;0;0;;evening;thursday;poultry;neutral;centre;evening ;thursday ;poultry ;;;4;0;0;affirm ;1;hor3 hor6 hor9 hor12 hor15 hor18 hor21 ;hor ;cui11 ;;;neutral;neutral;poultry;neutral;neutral
81;3;60;1;1;Es gibt mehrere auf Ihre Anfrage passende Restaurants.  {Haus Oekey                Auf dem Alten Kamp 10} {China                    Brückstr. 47    } {Mandarin Peking          Herner Str. 127 } Vielen dank, dass sie Boris benutzt haben. Auf Wiedersehen und einen schönen Abend! ;;inform;;;;na;0;36;0;;;NA;NA;NA;NA;NA;NA;NA;NA;0;0; 33 79 86;evening;thursday;poultry;neutral;centre;evening ;thursday ;poultry ;;;4;NA;0;;0;hor ;hor ;cui11 ;;;neutral;neutral;poultry;neutral;neutral
82;1;100;0;2;Guten Abend! Herzlich Willkommen bei Boris, dem Bochumer Restaurant-Informationssystem. Boris erlaubt es Ihnen, eine Recherche nach den folgenden Kriterien durchzuführen: der Art der Küche, der Tageszeit oder dem Preis der Mahlzeit, dem ungefähren Ort des Restaurants oder nach dessen Öffnungszeiten. Stellen Sie bitte Ihre Frage.;Ich würde gerne heute Abend, ähm, in Grumme griechisch essen gehen, zum Preis von sagen wir 15 Euro.  ;request;ALL;thursday greek evening cheap grumme ;date foodtype time price localization ;open;1;46;5;thursday greek evening average grumme yes price ;date foodtype time price localization logical field ;4;0;1;2;0;0;0;1;0;0;;evening;thursday;greek;cheap;grumme;;;;;;5;0;0;provide ;18;;;;;;evening;tuesday;greek;cheap;grumme
82;2;100;0;2;Es gibt kein passendes Restaurant auf Ihre Anfrage. Möchten Sie die Anfrage modifizieren?;Gibt es ein Restaurant in Weitmar in dem man essen gehen könnte?  ;offerModification;logical;weitmar ;localization ;choice;0;13;1;weitmar foodtype ;localization field ;1;0;0;1;0;0;0;1;0;1;;evening;thursday;greek;cheap;weitmar;evening ;thursday ;greek ;average ;grumme ;6;0;0;provide ;12;hor ;hor ;cui22 ;prx5 ;loc7 ;evening;tuesday;greek;cheap;weitmar
82;3;100;0;2;Vielen dank, dass sie Boris benutzt haben. Auf Wiedersehen und einen schönen Abend!;;bye;bye;;;na;0;13;0;;;NA;NA;NA;NA;NA;NA;NA;NA;0;1;;evening;thursday;greek;cheap;weitmar;evening ;thursday ;greek ;average ;weitmar grumme ;6;NA;0;;0;hor ;hor ;cui22 ;prx5 ;loc8 ;evening;tuesday;greek;cheap;weitmar
83;1;80;1;3;Guten Abend! Herzlich Willkommen bei Boris, dem Bochumer Restaurant-Informationssystem. Boris erlaubt es Ihnen, eine Recherche nach den folgenden Kriterien durchzuführen: der Art der Küche, der Tageszeit oder dem Preis der Mahlzeit, dem ungefähren Ort des Restaurants oder nach dessen Öffnungszeiten. Stellen Sie bitte Ihre Frage.;Ich würde gerne gegen 13 Uhr in der Innenstadt chinesisch essen gehen, zum Preis bis 10 ne 15 Euro.  ;request;ALL;chinese midday average centre ;foodtype time price localization ;open;1;46;4;chinese average yes price ;foodtype price logical field ;2;2;0;2;0;0;0;1;0;0;;midday;neutral;chinese;average;centre;;;;;;4;0;0;provide ;19;;;;;;midday;neutral;chinese;expensive;centre
83;2;80;1;3;Sie möchten also in der mittleren Preisklasse chinesisch essen gehen?;Ja.  ;explConfirm;;yes ;logical ;closed;0;10;1;yes ;logical ;1;0;0;0;1;0;0;0;0;0;;midday;neutral;chinese;average;centre;;;chinese ;average ;;4;0;0;affirm ;1;;hor ;cui35 ;prx5 ;;midday;neutral;chinese;expensive;centre
83;3;80;1;3;Hier ist das passende Restaurant auf Ihre Anfrage.  {Asia                     Steinring 43    } Vielen dank, dass sie Boris benutzt haben. Auf Wiedersehen und einen schönen Abend! ;;inform;;;;na;0;24;0;;;NA;NA;NA;NA;NA;NA;NA;NA;0;0;91;midday;neutral;chinese;average;centre;;;chinese ;average ;;4;NA;0;;0;hor ;hor ;cui35 ;prx5 ;;midday;neutral;chinese;expensive;centre
84;1;100;0;4;Guten Abend! Herzlich Willkommen bei Boris, dem Bochumer Restaurant-Informationssystem. Boris erlaubt es Ihnen, eine Recherche nach den folgenden Kriterien durchzuführen: der Art der Küche, der Tageszeit oder dem Preis der Mahlzeit, dem ungefähren Ort des Restaurants oder nach dessen Öffnungszeiten. Stellen Sie bitte Ihre Frage.;Ich würde gerne heute Abend italienisch essen gehen, in Querenburg.  ;request;ALL;thursday italian evening querenburg ;date foodtype time localization ;open;1;46;4;thursday italian evening querenburg yes ;date foodtype time localization logical ;4;0;0;1;0;0;0;1;1;0;;evening;thursday;italian;average;querenburg;;;;;;4;0;0;provide ;10;;;;;;neutral;neutral;italian;average;querenburg
84;2;100;0;4;Es gibt mehrere auf Ihre Anfrage passende Restaurants.  {Summa cum Laude          Querenburger Höhe 282} {Mediteranee Querenburger Höhe 267} Vielen dank, dass sie Boris benutzt haben. Auf Wiedersehen und einen schönen Abend! ;;inform;;;;na;0;31;0;;;NA;NA;NA;NA;NA;NA;NA;NA;1;0; 58 136;evening;thursday;italian;average;querenburg;evening ;thursday ;italian ;;querenburg ;4;NA;0;;0;hor ;hor ;cui20 ;;loc12 ;neutral;neutral;italian;average;querenburg
91;1;100;1;1;Guten Tag! Herzlich Willkommen bei Boris, dem Bochumer Restaurant-Informationssystem. Sie können ein Restaurant auswählen nach der Art der Küche, nach der Tageszeit oder dem Preis der Mahlzeit, dem ungefähren Ort des Restaurants oder nach dessen Öffnungszeiten. Wie lautet Ihre Anfrage?;Ja schönen guten Tag. Ich hätte gern Ente gegessen in Bochum, und zwar mittwochs so um 10 Uhr vormittags.  ;request;ALL;wednesday poultry morning bochum ;date foodtype time localization ;open;1;41;4;poultry yes date ;foodtype logical field ;1;3;0;2;0;0;0;1;0;0;;morning;wednesday;poultry;neutral;bochum;;;;;;4;0;0;provide ;19;;;;;;neutral;neutral;poultry;neutral;neutral
91;2;100;1;1;Die Möglichkeiten lauten wie folgt: die Wochentage, samstags, sonntags oder keine Präferenz.;Am Mittwoch, keine Präferenz.  ;indicateValues;date;wednesday neutral ;date date ;choice;1;12;2;neutral neutral ;date logical ;1;1;0;1;0;0;0;1;0;1;;morning;neutral;poultry;neutral;bochum;;;poultry ;;;5;0;0;provide ;4;;;cui11 ;;;neutral;neutral;poultry;neutral;neutral
91;3;100;1;1;Es gibt mehrere auf Ihre Anfrage passende Restaurants.  {Haus Oekey                Auf dem Alten Kamp 10} {China                    Brückstr. 47    } {Mandarin Peking          Herner Str. 127 } Vielen dank, dass sie Boris benutzt haben. Auf Wiedersehen und einen schönen Abend! ;;inform;;;;na;0;36;0;;;NA;NA;NA;NA;NA;NA;NA;NA;0;1; 33 79 86;morning;neutral;poultry;neutral;bochum;;neutral ;poultry ;;;5;NA;0;;0;hor ;hor ;cui11 ;;;neutral;neutral;poultry;neutral;neutral
94;1;80;1;4;Guten Tag! Herzlich Willkommen bei Boris, dem Bochumer Restaurant-Informationssystem. Sie können ein Restaurant auswählen nach der Art der Küche, nach der Tageszeit oder dem Preis der Mahlzeit, dem ungefähren Ort des Restaurants oder nach dessen Öffnungszeiten. Wie lautet Ihre Anfrage?;Ja ich hätte gerne ein italienisches Restaurant und zwar in der mittleren Preisklasse in Bochum Querenburg.  ;request;ALL;italian average querenburg ;foodtype price localization ;open;1;41;3;italian querenburg yes ;foodtype localization logical ;2;1;0;1;0;0;0;1;0;0;;neutral;neutral;italian;average;querenburg;;;;;;3;0;0;provide ;16;;;;;;neutral;neutral;italian;average;querenburg
94;2;80;1;4;Sie möchten also in Querenburg italienisch essen gehen?;Ja.  ;explConfirm;;yes ;logical ;closed;0;8;1;yes ;logical ;1;0;0;0;1;0;0;0;0;0;;neutral;neutral;italian;average;querenburg;;;italian ;;querenburg ;3;0;1;affirm ;1;;hor ;cui20 ;;loc12 ;neutral;neutral;italian;average;querenburg
94;3;80;1;4;Es gibt mehrere auf Ihre Anfrage passende Restaurants.  {Summa cum Laude          Querenburger Höhe 282} {Mediteranee Querenburger Höhe 267} Vielen dank, dass Sie Boris benutzt haben. Auf Wiederhören und einen schönen Tag! ;;inform;;;;na;0;31;0;;;NA;NA;NA;NA;NA;NA;NA;NA;0;0; 58 136;neutral;neutral;italian;average;querenburg;;;italian ;;querenburg ;3;NA;0;;0;hor ;hor ;cui20 ;;loc12 ;neutral;neutral;italian;average;querenburg
95;1;100;0;5;Guten Tag! Herzlich Willkommen bei Boris, dem Bochumer Restaurant-Informationssystem. Sie können ein Restaurant auswählen nach der Art der Küche, nach der Tageszeit oder dem Preis der Mahlzeit, dem ungefähren Ort des Restaurants oder nach dessen Öffnungszeiten. Wie lautet Ihre Anfrage?;Ja schönen guten Tag. Ich möchte gerne in Bochum koreanisch essen gehen, und zwar so um 21 Uhr und mittlere preisklasse. Wo könnte ich da hin?  ;request;ALL;korean evening average bochum ;foodtype time price localization ;open;1;41;4;korean evening average yes date ;foodtype time price logical field ;3;1;0;2;0;0;0;1;0;0;;evening;neutral;korean;average;bochum;;;;;;4;0;0;provide ;26;;;;;;evening;neutral;korean;average;neutral
95;2;100;0;5;Die Möglichkeiten lauten wie folgt: die Wochentage, samstags, sonntags oder keine Präferenz.;Äh, am besten samstags, sonntags. Samstag wäre gut.  ;indicateValues;date;saturday ;date ;choice;1;12;1;saturday ;date ;1;0;0;0;1;0;0;0;0;1;;evening;saturday;korean;average;bochum;evening ;;korean ;average ;;5;0;0;provide ;8;hor3 hor6 hor9 hor12 hor15 hor18 hor21 ;;cui37 ;prx3 prx4 prx5 ;;evening;neutral;korean;average;neutral
95;3;100;0;5;Hier ist das passende Restaurant auf Ihre Anfrage.  {Asia                     Steinring 43    } Vielen dank, dass Sie Boris benutzt haben. Auf Wiederhören und einen schönen Tag! ;;inform;;;;na;0;24;0;;;NA;NA;NA;NA;NA;NA;NA;NA;0;1;91;evening;saturday;korean;average;bochum;evening ;saturday ;korean ;average ;;5;NA;1;;0;hor18 ;hor18 ;cui37 ;prx3 prx4 prx5 ;;evening;neutral;korean;average;neutral
96;1;100;0;1;Guten Abend! Herzlich Willkommen bei Boris, dem Bochumer Restaurant-Informationssystem. Boris erlaubt es Ihnen, eine Recherche nach den folgenden Kriterien durchzuführen: der Art der Küche, der Tageszeit oder dem Preis der Mahlzeit, dem ungefähren Ort des Restaurants oder nach dessen Öffnungszeiten. Stellen Sie bitte Ihre Frage.;Art der Küche.  ;request;ALL;foodtype ;field ;open;1;46;1;foodtype ;field ;1;0;0;0;1;0;0;0;1;0;;neutral;neutral;poultry;neutral;neutral;;;;;;1;0;0;provide ;3;;;;;;neutral;neutral;poultry;neutral;neutral
96;2;100;0;1;Sie können zwischen den folgenden Möglichkeiten wählen: italienische, französische, griechische oder chinesische Küche oder keine Präferenz.;Ich möchte gern Ente essen.  ;indicateValues;foodtype;poultry ;foodtype ;choice;1;16;1;poultry yes ;foodtype logical ;1;0;0;1;0;0;0;1;0;0;;neutral;neutral;poultry;neutral;neutral;;;;;;2;0;0;provide ;5;;;;;;neutral;neutral;poultry;neutral;neutral
96;3;100;0;1;Es gibt mehrere auf Ihre Anfrage passende Restaurants.  {Haus Oekey                Auf dem Alten Kamp 10} {China                    Brückstr. 47    } {Mandarin Peking          Herner Str. 127 } Vielen dank, dass sie Boris benutzt haben. Auf Wiedersehen und einen schönen Abend! ;;inform;;;;na;0;36;0;;;NA;NA;NA;NA;NA;NA;NA;NA;0;0; 33 79 86;neutral;neutral;poultry;neutral;neutral;;;poultry ;;;2;NA;0;;0;hor ;hor ;cui11 ;;;neutral;neutral;poultry;neutral;neutral
99;1;100;1;4;Guten Abend! Herzlich Willkommen bei Boris, dem Bochumer Restaurant-Informationssystem. Boris erlaubt es Ihnen, eine Recherche nach den folgenden Kriterien durchzuführen: der Art der Küche, der Tageszeit oder dem Preis der Mahlzeit, dem ungefähren Ort des Restaurants oder nach dessen Öffnungszeiten. Stellen Sie bitte Ihre Frage.;Ich möchte in Querenburg in der mittleren Preisklasse italienisch essen.  ;request;ALL;italian average querenburg ;foodtype price localization ;open;1;46;3;italian querenburg ;foodtype localization ;2;1;0;0;0;1;0;0;0;0;;neutral;neutral;italian;average;querenburg;;;;;;3;0;0;provide ;10;;;;;;neutral;neutral;italian;average;querenburg
99;2;100;1;4;Sie möchten also in Querenburg italienisch essen gehen?;Ja.  ;explConfirm;;yes ;logical ;closed;0;8;1;yes ;logical ;1;0;0;0;1;0;0;0;0;0;;neutral;neutral;italian;average;querenburg;;;italian ;;querenburg ;3;0;0;affirm ;1;;hor ;cui20 ;;loc12 ;neutral;neutral;italian;average;querenburg
99;3;100;1;4;Es gibt mehrere auf Ihre Anfrage passende Restaurants.  {Summa cum Laude          Querenburger Höhe 282} {Mediteranee Querenburger Höhe 267} Vielen dank, dass sie Boris benutzt haben. Auf Wiedersehen und einen schönen Abend! ;;inform;;;;na;0;31;0;;;NA;NA;NA;NA;NA;NA;NA;NA;0;0; 58 136;neutral;neutral;italian;average;querenburg;;;italian ;;querenburg ;3;NA;0;;0;hor ;hor ;cui20 ;;loc12 ;neutral;neutral;italian;average;querenburg
106;1;100;0;1;Guten Tag! Herzlich Willkommen bei Boris, dem Bochumer Restaurant-Informationssystem. Sie können ein Restaurant auswählen nach der Art der Küche, nach der Tageszeit oder dem Preis der Mahlzeit, dem ungefähren Ort des Restaurants oder nach dessen Öffnungszeiten. Wie lautet Ihre Anfrage?;Hm, ich würde gerne Ente essen gehen.  ;request;ALL;poultry ;foodtype ;open;1;41;1;poultry yes ;foodtype logical ;1;0;0;1;0;0;0;1;0;0;;neutral;neutral;poultry;neutral;neutral;;;;;;1;0;0;provide ;7;;;;;;neutral;neutral;poultry;neutral;neutral
106;2;100;0;1;Es gibt mehrere auf Ihre Anfrage passende Restaurants.  {Haus Oekey                Auf dem Alten Kamp 10} {China                    Brückstr. 47    } {Mandarin Peking          Herner Str. 127 } Vielen dank, dass Sie Boris benutzt haben. Auf Wiederhören und einen schönen Tag! ;;inform;;;;na;0;36;0;;;NA;NA;NA;NA;NA;NA;NA;NA;0;0; 33 79 86;neutral;neutral;poultry;neutral;neutral;;;poultry ;;;1;NA;0;;0;hor ;hor ;cui11 ;;;neutral;neutral;poultry;neutral;neutral
109;1;70;0;4;Guten Tag! Herzlich Willkommen bei Boris, dem Bochumer Restaurant-Informationssystem. Sie können ein Restaurant auswählen nach der Art der Küche, nach der Tageszeit oder dem Preis der Mahlzeit, dem ungefähren Ort des Restaurants oder nach dessen Öffnungszeiten. Wie lautet Ihre Anfrage?;Ähm, ein italienisches Restaurant in ähm im Unibereich in Bochum und mittlere Preiskategorie.  ;request;ALL;italian average querenburg ;foodtype price localization ;open;1;41;3;italian witten foodtype ;foodtype localization field ;1;1;1;1;0;0;0;1;0;0;;neutral;neutral;italian;average;querenburg;;;;;;3;0;0;provide ;13;;;;;;neutral;neutral;italian;average;querenburg
109;2;70;0;4;Hier ist das passende Restaurant auf Ihre Anfrage.  {La Nonna Breite Str. 33} Vielen dank, dass Sie Boris benutzt haben. Auf Wiederhören und einen schönen Tag! ;;inform;;;;na;0;26;0;;;NA;NA;NA;NA;NA;NA;NA;NA;0;0;134;neutral;neutral;italian;average;querenburg;;;italian ;;witten ;3;NA;0;;0;hor ;hor ;cui20 ;;loc17 ;neutral;neutral;italian;average;querenburg
110;1;100;0;5;Guten Tag! Herzlich Willkommen bei Boris, dem Bochumer Restaurant-Informationssystem. Sie können ein Restaurant auswählen nach der Art der Küche, nach der Tageszeit oder dem Preis der Mahlzeit, dem ungefähren Ort des Restaurants oder nach dessen Öffnungszeiten. Wie lautet Ihre Anfrage?;Ich hätte gerne eine, ein mexikanisches Restaurant in der Bochumer Innenstadt.  ;request;ALL;mexican centre ;foodtype localization ;open;1;41;2;mexican centre yes  foodtype ;foodtype localization logical field ;2;0;0;2;0;0;0;1;0;0;;neutral;neutral;mexican;neutral;centre;;;;;;2;0;0;provide ;11;;;;;;neutral;neutral;mexican;neutral;centre
110;2;100;0;5;Es gibt mehrere auf Ihre Anfrage passende Restaurants.  {Amigos Mexicano Massenbergstr. 14} {Barrio Brothers Viktoriastr. 66} Vielen dank, dass Sie Boris benutzt haben. Auf Wiederhören und einen schönen Tag! ;;inform;;;;na;0;29;0;;;NA;NA;NA;NA;NA;NA;NA;NA;0;0; 150 151;neutral;neutral;mexican;neutral;centre;;;mexican ;;centre ;2;NA;0;;0;hor ;hor ;cui44 ;;loc01 ;neutral;neutral;mexican;neutral;centre
116;1;100;0;1;Guten Abend! Herzlich Willkommen bei Boris, dem Bochumer Restaurant-Informationssystem. Boris erlaubt es Ihnen, eine Recherche nach den folgenden Kriterien durchzuführen: der Art der Küche, der Tageszeit oder dem Preis der Mahlzeit, dem ungefähren Ort des Restaurants oder nach dessen Öffnungszeiten. Stellen Sie bitte Ihre Frage.;Ich möchte Ente essen.  ;request;ALL;poultry ;foodtype ;open;1;46;1;poultry ;foodtype ;1;0;0;0;1;0;0;0;0;0;;neutral;neutral;poultry;neutral;neutral;;;;;;1;0;0;provide ;4;;;;;;neutral;neutral;poultry;neutral;neutral
116;2;100;0;1;Es gibt mehrere auf Ihre Anfrage passende Restaurants.  {Haus Oekey                Auf dem Alten Kamp 10} {China                    Brückstr. 47    } {Mandarin Peking          Herner Str. 127 } Vielen dank, dass sie Boris benutzt haben. Auf Wiedersehen und einen schönen Abend! ;;inform;;;;na;0;36;0;;;NA;NA;NA;NA;NA;NA;NA;NA;0;0; 33 79 86;neutral;neutral;poultry;neutral;neutral;;;poultry ;;;1;NA;0;;0;hor ;hor ;cui11 ;;;neutral;neutral;poultry;neutral;neutral
121;1;100;0;1;Guten Abend! Herzlich Willkommen bei Boris, dem Bochumer Restaurant-Informationssystem. Boris erlaubt es Ihnen, eine Recherche nach den folgenden Kriterien durchzuführen: der Art der Küche, der Tageszeit oder dem Preis der Mahlzeit, dem ungefähren Ort des Restaurants oder nach dessen Öffnungszeiten. Stellen Sie bitte Ihre Frage.;Ich möchte gerne Ente essen.  ;request;ALL;poultry ;foodtype ;open;1;46;1;poultry yes ;foodtype logical ;1;0;0;1;0;0;0;1;0;0;;neutral;neutral;poultry;neutral;neutral;;;;;;1;0;0;provide ;5;;;;;;neutral;neutral;poultry;neutral;neutral
121;2;100;0;1;Es gibt mehrere auf Ihre Anfrage passende Restaurants.  {Haus Oekey                Auf dem Alten Kamp 10} {China                    Brückstr. 47    } {Mandarin Peking          Herner Str. 127 } Vielen dank, dass sie Boris benutzt haben. Auf Wiedersehen und einen schönen Abend! ;;inform;;;;na;0;36;0;;;NA;NA;NA;NA;NA;NA;NA;NA;0;0; 33 79 86;neutral;neutral;poultry;neutral;neutral;;;poultry ;;;1;NA;1;;0;hor ;hor ;cui11 ;;;neutral;neutral;poultry;neutral;neutral
124;1;100;0;4;Guten Abend! Herzlich Willkommen bei Boris, dem Bochumer Restaurant-Informationssystem. Boris erlaubt es Ihnen, eine Recherche nach den folgenden Kriterien durchzuführen: der Art der Küche, der Tageszeit oder dem Preis der Mahlzeit, dem ungefähren Ort des Restaurants oder nach dessen Öffnungszeiten. Stellen Sie bitte Ihre Frage.;Ich möch gerne italienisch essen gern gehen, im Raum Querenburg, Ruhr-Universität, die Preiskategorie sollte in der Mitte sein.  ;request;ALL;italian average querenburg ;foodtype price localization ;open;1;46;3;italian querenburg yes ;foodtype localization logical ;2;1;0;1;0;0;0;1;0;0;;neutral;neutral;italian;average;querenburg;;;;;;3;0;0;provide ;19;;;;;;neutral;neutral;italian;average;querenburg
124;2;100;0;4;Es gibt mehrere auf Ihre Anfrage passende Restaurants.  {Summa cum Laude          Querenburger Höhe 282} {Mediteranee Querenburger Höhe 267} Vielen dank, dass sie Boris benutzt haben. Auf Wiedersehen und einen schönen Abend! ;;inform;;;;na;0;31;0;;;NA;NA;NA;NA;NA;NA;NA;NA;0;0; 58 136;neutral;neutral;italian;average;querenburg;;;italian ;;querenburg ;3;NA;0;;0;hor ;hor ;cui20 ;;loc12 ;neutral;neutral;italian;average;querenburg
129;1;70;1;4;Guten Tag! Herzlich Willkommen bei Boris, dem Bochumer Restaurant-Informationssystem. Sie können ein Restaurant auswählen nach der Art der Küche, nach der Tageszeit oder dem Preis der Mahlzeit, dem ungefähren Ort des Restaurants oder nach dessen Öffnungszeiten. Wie lautet Ihre Anfrage?;Ich möchte italienisch in Querenburg essen.  ;request;ALL;italian querenburg ;foodtype localization ;open;1;41;2;italian querenburg ;foodtype localization ;2;0;0;0;1;0;0;0;1;0;;neutral;neutral;italian;average;querenburg;;;;;;2;0;0;provide ;6;;;;;;neutral;neutral;italian;average;querenburg
129;2;70;1;4;Sie möchten also in Querenburg italienisch essen gehen?;Ja.  ;explConfirm;;yes ;logical ;closed;0;8;1;yes ;logical ;1;0;0;0;1;0;0;0;1;0;;neutral;neutral;italian;average;querenburg;;;italian ;;querenburg ;2;0;0;affirm ;1;;hor ;cui20 ;;loc12 ;neutral;neutral;italian;average;querenburg
129;3;70;1;4;Es gibt mehrere auf Ihre Anfrage passende Restaurants.  {Summa cum Laude          Querenburger Höhe 282} {Mediteranee Querenburger Höhe 267} Vielen dank, dass Sie Boris benutzt haben. Auf Wiederhören und einen schönen Tag! ;;inform;;;;na;0;31;0;;;NA;NA;NA;NA;NA;NA;NA;NA;1;0; 58 136;neutral;neutral;italian;average;querenburg;;;italian ;;querenburg ;2;NA;1;;0;hor ;hor ;cui20 ;;loc12 ;neutral;neutral;italian;average;querenburg
131;1;100;1;1;Guten Tag! Herzlich Willkommen bei Boris, dem Bochumer Restaurant-Informationssystem. Sie können ein Restaurant auswählen nach der Art der Küche, nach der Tageszeit oder dem Preis der Mahlzeit, dem ungefähren Ort des Restaurants oder nach dessen Öffnungszeiten. Wie lautet Ihre Anfrage?;Hm, wo kann ich Ente essen?  ;request;ALL;poultry ;foodtype ;open;1;41;1;poultry ;foodtype ;1;0;0;0;1;0;0;0;0;0;;neutral;neutral;poultry;neutral;neutral;;;;;;1;0;0;provide ;6;;;;;;neutral;neutral;poultry;neutral;neutral
131;2;100;1;1;Sie möchten also Geflügel essen gehen?;Ja.  ;explConfirm;;yes ;logical ;closed;0;6;1;yes ;logical ;1;0;0;0;1;0;0;0;0;0;;neutral;neutral;poultry;neutral;neutral;;;poultry ;;;1;0;0;affirm ;1;;hor ;cui11 ;;;neutral;neutral;poultry;neutral;neutral
131;3;100;1;1;Es gibt mehrere auf Ihre Anfrage passende Restaurants.  {Haus Oekey                Auf dem Alten Kamp 10} {China                    Brückstr. 47    } {Mandarin Peking          Herner Str. 127 } Vielen dank, dass Sie Boris benutzt haben. Auf Wiederhören und einen schönen Tag! ;;inform;;;;na;0;36;0;;;NA;NA;NA;NA;NA;NA;NA;NA;0;0; 33 79 86;neutral;neutral;poultry;neutral;neutral;;;poultry ;;;1;NA;0;;0;hor ;hor ;cui11 ;;;neutral;neutral;poultry;neutral;neutral
135;1;80;1;5;Guten Tag! Herzlich Willkommen bei Boris, dem Bochumer Restaurant-Informationssystem. Sie können ein Restaurant auswählen nach der Art der Küche, nach der Tageszeit oder dem Preis der Mahlzeit, dem ungefähren Ort des Restaurants oder nach dessen Öffnungszeiten. Wie lautet Ihre Anfrage?;Ich suche ein indisches Restaurant in der Innenstadt.  ;request;ALL;indian centre ;foodtype localization ;open;1;41;2;indian centre foodtype ;foodtype localization field ;2;0;0;1;0;0;0;1;0;0;;neutral;neutral;indian;neutral;centre;;;;;;2;0;0;provide ;8;;;;;;neutral;neutral;indian;neutral;centre
135;2;80;1;5;Sie möchten also in der Innenstadt indisch essen gehen?;Ja.  ;explConfirm;;yes ;logical ;closed;0;9;1;yes ;logical ;1;0;0;0;1;0;0;0;0;0;;neutral;neutral;indian;neutral;centre;;;indian ;;centre ;2;0;0;affirm ;1;;hor ;cui34 ;;loc01 ;neutral;neutral;indian;neutral;centre
135;3;80;1;5;Hier ist das passende Restaurant auf Ihre Anfrage.  {Taj Mahal                Kortumstr. 9    } Vielen dank, dass Sie Boris benutzt haben. Auf Wiederhören und einen schönen Tag! ;;inform;;;;na;0;25;0;;;NA;NA;NA;NA;NA;NA;NA;NA;0;0;95;neutral;neutral;indian;neutral;centre;;;indian ;;centre ;2;NA;0;;0;hor ;hor ;cui34 ;;loc01 ;neutral;neutral;indian;neutral;centre
141;1;80;1;1;Guten Tag! Herzlich Willkommen bei Boris, dem Bochumer Restaurant-Informationssystem. Sie können ein Restaurant auswählen nach der Art der Küche, nach der Tageszeit oder dem Preis der Mahlzeit, dem ungefähren Ort des Restaurants oder nach dessen Öffnungszeiten. Wie lautet Ihre Anfrage?;Ich möchte gerne wissen, wo ich Ente essen kann.  ;request;ALL;poultry ;foodtype ;open;1;41;1;poultry yes ;foodtype logical ;1;0;0;1;0;0;0;1;0;0;;neutral;neutral;poultry;neutral;neutral;;;;;;1;0;0;provide ;9;;;;;;neutral;neutral;poultry;neutral;neutral
141;2;80;1;1;Sie möchten also Geflügel essen gehen?;Richtig, ja.  ;explConfirm;;yes ;logical ;closed;0;6;1;yes ;logical ;1;0;0;0;1;0;0;0;0;0;;neutral;neutral;poultry;neutral;neutral;;;poultry ;;;1;0;0;affirm ;2;;hor ;cui11 ;;;neutral;neutral;poultry;neutral;neutral
141;3;80;1;1;Es gibt mehrere auf Ihre Anfrage passende Restaurants.  {Haus Oekey                Auf dem Alten Kamp 10} {China                    Brückstr. 47    } {Mandarin Peking          Herner Str. 127 } Vielen dank, dass Sie Boris benutzt haben. Auf Wiederhören und einen schönen Tag! ;;inform;;;;na;0;36;0;;;NA;NA;NA;NA;NA;NA;NA;NA;0;0; 33 79 86;neutral;neutral;poultry;neutral;neutral;;;poultry ;;;1;NA;0;;0;hor ;hor ;cui11 ;;;neutral;neutral;poultry;neutral;neutral
145;1;70;1;1;Guten Tag! Herzlich Willkommen bei Boris, dem Bochumer Restaurant-Informationssystem. Sie können ein Restaurant auswählen nach der Art der Küche, nach der Tageszeit oder dem Preis der Mahlzeit, dem ungefähren Ort des Restaurants oder nach dessen Öffnungszeiten. Wie lautet Ihre Anfrage?;Ich möchte gern eine Ente essen.  ;request;ALL;poultry ;foodtype ;open;1;41;1;poultry evening yes ;foodtype time logical ;1;0;0;2;0;0;0;1;0;0;;neutral;neutral;poultry;neutral;neutral;;;;;;1;0;0;provide ;6;;;;;;neutral;neutral;poultry;neutral;neutral
145;2;70;1;1;Sie möchten also abends Geflügel essen gehen?;Ja, ich möchte Geflügel essen.  ;explConfirm;;poultry ;foodtype ;closed;0;7;1;poultry yes ;foodtype logical ;1;0;0;1;0;0;0;1;0;0;;neutral;neutral;poultry;neutral;neutral;evening ;;poultry ;;;1;0;1;provide ;5;hor3 hor6 hor9 hor12 hor15 hor18 hor21 ;hor ;cui11 ;;;neutral;neutral;poultry;neutral;neutral
145;3;70;1;1;Es gibt mehrere auf Ihre Anfrage passende Restaurants.  {Haus Oekey                Auf dem Alten Kamp 10} {China                    Brückstr. 47    } {Mandarin Peking          Herner Str. 127 } Vielen dank, dass Sie Boris benutzt haben. Auf Wiederhören und einen schönen Tag! ;;inform;;;;na;0;36;0;;;NA;NA;NA;NA;NA;NA;NA;NA;0;0; 33 79 86;neutral;neutral;poultry;neutral;neutral;evening ;;poultry ;;;1;NA;0;;0;hor ;hor ;cui11 ;;;neutral;neutral;poultry;neutral;neutral
151;1;70;0;2;Guten Tag! Herzlich Willkommen bei Boris, dem Bochumer Restaurant-Informationssystem. Sie können ein Restaurant auswählen nach der Art der Küche, nach der Tageszeit oder dem Preis der Mahlzeit, dem ungefähren Ort des Restaurants oder nach dessen Öffnungszeiten. Wie lautet Ihre Anfrage?;Guten Abend, ich möchte gerne am Dienstag Abend in Grumme griechisch essen gehen. Der preis sollte bis, äh, 20 Euro betragen.  ;request;ALL;tuesday greek evening average grumme ;date foodtype time price localization ;open;1;41;5;tuesday evening grumme wattenscheid riemke yes price ;date time localization localization localization logical field ;3;2;0;4;0;0;0;1;0;0;;evening;tuesday;greek;average;grumme;;;;;;5;0;0;provide ;21;;;;;;evening;tuesday;greek;cheap;grumme
151;2;70;0;2;Sie haben folgende Auswahlmöglichkeiten: obere, mittlere, oder untere Preisklasse oder keine Präferenz.;Obere Preisklasse.  ;indicateValues;price;expensive ;price ;choice;1;12;1;;;0;1;0;0;0;0;1;0;0;1;;evening;tuesday;greek;expensive;grumme;evening ;tuesday ;;;grumme wattenscheid riemke ;6;0;0;provide ;2;hor3 hor6 hor9 hor12 hor15 hor18 hor21 ;hor4 hor5 hor6 ;;;loc4 loc7 loc10 ;evening;tuesday;greek;cheap;grumme
151;3;70;0;2;Es gibt mehrere auf Ihre Anfrage passende Restaurants.  {Gaststätte Jünemann      Hiltroper Str. 108} {Dionysos                 Hiltroper Str. 13} Vielen dank, dass Sie Boris benutzt haben. Auf Wiederhören und einen schönen Tag! ;;inform;;;;na;0;30;0;;;NA;NA;NA;NA;NA;NA;NA;NA;0;1; 23 105;evening;tuesday;greek;expensive;grumme;evening ;tuesday ;;;grumme wattenscheid riemke ;6;NA;0;;0;hor6 ;hor6 ;;;loc4 loc7 loc10 ;evening;tuesday;greek;cheap;grumme
153;1;90;1;4;Guten Tag! Herzlich Willkommen bei Boris, dem Bochumer Restaurant-Informationssystem. Sie können ein Restaurant auswählen nach der Art der Küche, nach der Tageszeit oder dem Preis der Mahlzeit, dem ungefähren Ort des Restaurants oder nach dessen Öffnungszeiten. Wie lautet Ihre Anfrage?;Guten Tag, ich möchte gerne italienisch essen gehen, bis 15 Euro. Der Ort Querenburg.  ;request;ALL;italian average querenburg ;foodtype price localization ;open;1;41;3;italian querenburg yes localization ;foodtype localization logical field ;2;1;0;2;0;0;0;1;0;0;;neutral;neutral;italian;average;querenburg;;;;;;3;0;0;provide ;14;;;;;;neutral;neutral;italian;average;querenburg
153;2;90;1;4;Sie möchten also in Querenburg italienisch essen gehen?;Ja.  ;explConfirm;;yes ;logical ;closed;0;8;1;yes ;logical ;1;0;0;0;1;0;0;0;0;0;;neutral;neutral;italian;average;querenburg;;;italian ;;querenburg ;3;0;0;affirm ;1;;hor ;cui20 ;;loc12 ;neutral;neutral;italian;average;querenburg
153;3;90;1;4;Es gibt mehrere auf Ihre Anfrage passende Restaurants.  {Summa cum Laude          Querenburger Höhe 282} {Mediteranee Querenburger Höhe 267} Vielen dank, dass Sie Boris benutzt haben. Auf Wiederhören und einen schönen Tag! ;;inform;;;;na;0;31;0;;;NA;NA;NA;NA;NA;NA;NA;NA;0;0; 58 136;neutral;neutral;italian;average;querenburg;;;italian ;;querenburg ;3;NA;0;;0;hor ;hor ;cui20 ;;loc12 ;neutral;neutral;italian;average;querenburg
154;1;100;0;5;Guten Tag! Herzlich Willkommen bei Boris, dem Bochumer Restaurant-Informationssystem. Sie können ein Restaurant auswählen nach der Art der Küche, nach der Tageszeit oder dem Preis der Mahlzeit, dem ungefähren Ort des Restaurants oder nach dessen Öffnungszeiten. Wie lautet Ihre Anfrage?;Ich möchte heute Abend in einem Gourmetrestaurant in Bochum essen gehen. Der Preis kann ab 30 Euro sein.  ;request;ALL;monday gourmet evening expensive bochum ;date foodtype time price localization ;open;1;41;5;monday evening expensive price ;date time price field ;3;2;0;1;0;0;0;1;0;0;;evening;monday;gourmet;expensive;bochum;;;;;;5;0;0;provide ;18;;;;;;neutral;neutral;gourmet;expensive;neutral
154;2;100;0;5;Es gibt mehrere auf Ihre Anfrage passende Restaurants.  {Beckmannshof             Berliner Str. 39} {Taj Mahal                Kortumstr. 9    } Vielen dank, dass Sie Boris benutzt haben. Auf Wiederhören und einen schönen Tag! ;;inform;;;;na;0;29;0;;;NA;NA;NA;NA;NA;NA;NA;NA;0;0; 8 95;evening;monday;gourmet;expensive;bochum;evening ;monday ;;expensive ;;5;NA;0;;0;hor ;hor ;;prx8 ;;neutral;neutral;gourmet;expensive;neutral
160;1;100;0;1;Guten Tag! Herzlich Willkommen bei Boris, dem Bochumer Restaurant-Informationssystem. Sie können ein Restaurant auswählen nach der Art der Küche, nach der Tageszeit oder dem Preis der Mahlzeit, dem ungefähren Ort des Restaurants oder nach dessen Öffnungszeiten. Wie lautet Ihre Anfrage?;Art der Küche.  ;request;ALL;foodtype ;field ;open;1;41;1;foodtype ;field ;1;0;0;0;1;0;0;0;1;0;;neutral;neutral;poultry;neutral;neutral;;;;;;1;0;0;provide ;3;;;;;;neutral;neutral;poultry;neutral;neutral
160;2;100;0;1;Sie können zwischen den folgenden Möglichkeiten wählen: italienische, französische, griechische oder chinesische Küche oder keine Präferenz.;Ich möchte gern Ente essen.  ;indicateValues;foodtype;poultry ;foodtype ;choice;1;16;1;poultry yes ;foodtype logical ;1;0;0;1;0;0;0;1;0;0;;neutral;neutral;poultry;neutral;neutral;;;;;;2;0;0;provide ;5;;;;;;neutral;neutral;poultry;neutral;neutral
160;3;100;0;1;Es gibt mehrere auf Ihre Anfrage passende Restaurants.  {Haus Oekey                Auf dem Alten Kamp 10} {China                    Brückstr. 47    } {Mandarin Peking          Herner Str. 127 } Vielen dank, dass Sie Boris benutzt haben. Auf Wiederhören und einen schönen Tag! ;;inform;;;;na;0;36;0;;;NA;NA;NA;NA;NA;NA;NA;NA;0;0; 33 79 86;neutral;neutral;poultry;neutral;neutral;;;poultry ;;;2;NA;0;;0;hor ;hor ;cui11 ;;;neutral;neutral;poultry;neutral;neutral
179;1;100;0;1;Guten Abend! Herzlich Willkommen bei Boris, dem Bochumer Restaurant-Informationssystem. Boris erlaubt es Ihnen, eine Recherche nach den folgenden Kriterien durchzuführen: der Art der Küche, der Tageszeit oder dem Preis der Mahlzeit, dem ungefähren Ort des Restaurants oder nach dessen Öffnungszeiten. Stellen Sie bitte Ihre Frage.;Ich möchte gerne wissen, wo, in welchem Restaurant ich Ente essen kann.  ;request;ALL;poultry ;foodtype ;open;1;46;1;poultry neutral foodtype ;foodtype logical field ;1;0;0;2;0;0;0;1;0;0;;neutral;neutral;poultry;neutral;neutral;;;;;;1;0;0;provide ;12;;;;;;neutral;neutral;poultry;neutral;neutral
179;2;100;0;1;Es gibt mehrere auf Ihre Anfrage passende Restaurants.  {Haus Oekey                Auf dem Alten Kamp 10} {China                    Brückstr. 47    } {Mandarin Peking          Herner Str. 127 } Vielen dank, dass sie Boris benutzt haben. Auf Wiedersehen und einen schönen Abend! ;;inform;;;;na;0;36;0;;;NA;NA;NA;NA;NA;NA;NA;NA;0;0; 33 79 86;neutral;neutral;poultry;neutral;neutral;;;poultry ;;;1;NA;0;;0;hor ;hor ;cui11 ;;;neutral;neutral;poultry;neutral;neutral
181;1;100;0;3;Guten Abend! Herzlich Willkommen bei Boris, dem Bochumer Restaurant-Informationssystem. Boris erlaubt es Ihnen, eine Recherche nach den folgenden Kriterien durchzuführen: der Art der Küche, der Tageszeit oder dem Preis der Mahlzeit, dem ungefähren Ort des Restaurants oder nach dessen Öffnungszeiten. Stellen Sie bitte Ihre Frage.;Ich möchte in der Mittagspause in der Innenstadt chinesisches essen gehen, und wollte wissen zu welchem Preis.  ;request;ALL;chinese midday centre price ;foodtype time localization field ;open;1;46;4;chinese centre price ;foodtype localization field ;3;1;0;0;0;1;0;0;1;0;;midday;neutral;chinese;expensive;centre;;;;;;4;0;0;provide ;17;;;;;;midday;neutral;chinese;expensive;centre
181;2;100;0;3;Sie haben folgende Auswahlmöglichkeiten: obere, mittlere, oder untere Preisklasse oder keine Präferenz.;Mittlere.  ;indicateValues;price;average ;price ;choice;1;12;1;average ;price ;1;0;0;0;1;0;0;0;0;1;;midday;neutral;chinese;average;centre;;;chinese ;;centre ;5;0;0;provide ;1;;;cui35 ;;loc01 ;midday;neutral;chinese;expensive;centre
181;3;100;0;3;Hier ist das passende Restaurant auf Ihre Anfrage.  {Asia                     Steinring 43    } Vielen dank, dass sie Boris benutzt haben. Auf Wiedersehen und einen schönen Abend! ;;inform;;;;na;0;24;0;;;NA;NA;NA;NA;NA;NA;NA;NA;0;1;91;midday;neutral;chinese;average;centre;;;chinese ;average ;centre ;5;NA;0;;0;hor ;hor ;cui35 ;prx3 prx4 prx5 ;loc01 ;midday;neutral;chinese;expensive;centre
183;1;100;0;1;Guten Tag! Herzlich Willkommen bei Boris, dem Bochumer Restaurant-Informationssystem. Sie können ein Restaurant auswählen nach der Art der Küche, nach der Tageszeit oder dem Preis der Mahlzeit, dem ungefähren Ort des Restaurants oder nach dessen Öffnungszeiten. Wie lautet Ihre Anfrage?;Äh, ich möchte gerne Ente essen gehen.  ;request;ALL;poultry ;foodtype ;open;1;41;1;poultry yes ;foodtype logical ;1;0;0;1;0;0;0;1;0;0;;neutral;neutral;poultry;neutral;neutral;;;;;;1;0;0;provide ;7;;;;;;neutral;neutral;poultry;neutral;neutral
183;2;100;0;1;Es gibt mehrere auf Ihre Anfrage passende Restaurants.  {Haus Oekey                Auf dem Alten Kamp 10} {China                    Brückstr. 47    } {Mandarin Peking          Herner Str. 127 } Vielen dank, dass Sie Boris benutzt haben. Auf Wiederhören und einen schönen Tag! ;;inform;;;;na;0;36;0;;;NA;NA;NA;NA;NA;NA;NA;NA;0;0; 33 79 86;neutral;neutral;poultry;neutral;neutral;;;poultry ;;;1;NA;0;;0;hor ;hor ;cui11 ;;;neutral;neutral;poultry;neutral;neutral
186;1;100;0;4;Guten Tag! Herzlich Willkommen bei Boris, dem Bochumer Restaurant-Informationssystem. Sie können ein Restaurant auswählen nach der Art der Küche, nach der Tageszeit oder dem Preis der Mahlzeit, dem ungefähren Ort des Restaurants oder nach dessen Öffnungszeiten. Wie lautet Ihre Anfrage?;Ich möchte gerne ein italienisches Restaurant in Bochum Querenburg und mittlere Preisklasse.  ;request;ALL;italian average querenburg ;foodtype price localization ;open;1;41;3;italian average querenburg yes foodtype ;foodtype price localization logical field ;3;0;0;2;0;0;0;1;0;0;;neutral;neutral;italian;average;querenburg;;;;;;3;0;0;provide ;12;;;;;;neutral;neutral;italian;average;querenburg
186;2;100;0;4;Es gibt kein passendes Restaurant auf Ihre Anfrage. Möchten Sie die Anfrage modifizieren?;Nennen sie mir ein anderes Restaurant der mittleren Preisklasse in Bochum Querenburg.  ;offerModification;logical;average querenburg ;price localization ;choice;0;13;2;querenburg newquery ;localization action ;1;1;0;1;0;0;0;1;0;0;;neutral;neutral;italian;average;querenburg;;;italian ;average ;querenburg ;3;0;0;provide ;12;hor ;hor ;cui20 ;prx3 prx4 prx5 ;loc12 ;neutral;neutral;italian;average;querenburg
186;3;100;0;4;Diese Funktion ist zur Zeit leider nicht verfügbar. Vielen Dank und auf Wiederhören. ;;bye;errorMessage;;;na;0;13;0;;;NA;NA;NA;NA;NA;NA;NA;NA;0;0;;neutral;neutral;italian;average;querenburg;;;italian ;average ;querenburg ;3;NA;0;;0;hor ;hor ;cui20 ;prx3 prx4 prx5 ;loc12 ;neutral;neutral;italian;average;querenburg
193;1;80;1;1;Guten Abend! Herzlich Willkommen bei Boris, dem Bochumer Restaurant-Informationssystem. Boris erlaubt es Ihnen, eine Recherche nach den folgenden Kriterien durchzuführen: der Art der Küche, der Tageszeit oder dem Preis der Mahlzeit, dem ungefähren Ort des Restaurants oder nach dessen Öffnungszeiten. Stellen Sie bitte Ihre Frage.;Ich möchte gerne in Bochum Mitte Ente essen gehen, am Mittwoch Abend.  ;request;ALL;wednesday poultry evening centre ;date foodtype time localization ;open;1;46;4;wednesday poultry evening yes ;date foodtype time logical ;3;1;0;1;0;0;0;1;0;0;;evening;wednesday;poultry;neutral;centre;;;;;;4;0;0;provide ;12;;;;;;neutral;neutral;poultry;neutral;neutral
193;2;80;1;1;Sie möchten also Mittwoch Abend Geflügel essen gehen?;Ja.  ;explConfirm;;yes ;logical ;closed;0;8;1;yes ;logical ;1;0;0;0;1;0;0;0;0;0;;evening;wednesday;poultry;neutral;centre;evening ;wednesday ;poultry ;;;4;0;0;affirm ;1;hor9 ;hor9 ;cui11 ;;;neutral;neutral;poultry;neutral;neutral
193;3;80;1;1;Es gibt mehrere auf Ihre Anfrage passende Restaurants.  {Haus Oekey                Auf dem Alten Kamp 10} {China                    Brückstr. 47    } {Mandarin Peking          Herner Str. 127 } Vielen dank, dass sie Boris benutzt haben. Auf Wiedersehen und einen schönen Abend! ;;inform;;;;na;0;36;0;;;NA;NA;NA;NA;NA;NA;NA;NA;0;0; 33 79 86;evening;wednesday;poultry;neutral;centre;evening ;wednesday ;poultry ;;;4;NA;0;;0;hor9 ;hor9 ;cui11 ;;;neutral;neutral;poultry;neutral;neutral
196;1;100;1;4;Guten Abend! Herzlich Willkommen bei Boris, dem Bochumer Restaurant-Informationssystem. Boris erlaubt es Ihnen, eine Recherche nach den folgenden Kriterien durchzuführen: der Art der Küche, der Tageszeit oder dem Preis der Mahlzeit, dem ungefähren Ort des Restaurants oder nach dessen Öffnungszeiten. Stellen Sie bitte Ihre Frage.;Ich möchte gerne Samstag Abend italienisch essen gehen, in Bochum Querenburg in der mittleren Preisklasse.  ;request;ALL;saturday italian evening average querenburg ;date foodtype time price localization ;open;1;46;5;saturday italian evening querenburg yes ;date foodtype time localization logical ;4;1;0;1;0;0;0;1;0;0;;evening;saturday;italian;average;querenburg;;;;;;5;0;0;provide ;15;;;;;;neutral;neutral;italian;average;querenburg
196;2;100;1;4;Sie möchten also Samstag Abend in Querenburg italienisch essen gehen?;Ja.  ;explConfirm;;yes ;logical ;closed;0;10;1;yes ;logical ;1;0;0;0;1;0;0;0;0;0;;evening;saturday;italian;average;querenburg;evening ;saturday ;italian ;;querenburg ;5;0;0;affirm ;1;hor18 ;hor18 ;cui20 ;;loc12 ;neutral;neutral;italian;average;querenburg
196;3;100;1;4;Es gibt mehrere auf Ihre Anfrage passende Restaurants.  {Summa cum Laude          Querenburger Höhe 282} {Mediteranee Querenburger Höhe 267} Vielen dank, dass sie Boris benutzt haben. Auf Wiedersehen und einen schönen Abend! ;;inform;;;;na;0;31;0;;;NA;NA;NA;NA;NA;NA;NA;NA;0;0; 58 136;evening;saturday;italian;average;querenburg;evening ;saturday ;italian ;;querenburg ;5;NA;0;;0;hor18 ;hor18 ;cui20 ;;loc12 ;neutral;neutral;italian;average;querenburg
