iteration;exchange_no;tar_WA;confirmation_type;taskID;system_prompt;user_utterance;sysSA;sysRep.field;userValues;userFields;Openness;indValues..y.n..;system_words;numAVPs;NLUResult.values;NLUResult.fields;Correctly.transmitted.AVPs;Deletions;Substitutions;Insertions;PA.CO;PA.PA;PA.FA;PA.IC;X.constraints.left.in.agenda;numGoalChanges;indices.of.provided.restaurants;user.task.time;user.task.date;user.task.foodtype;user.task.price;user.task.localization;system.state.time;system.state.date;system.state.foodtype;system.state.price;system.state.localization;numConceptsIntroducedSoFar;ASRModel.used..1.simple..2.abstract..3.concrete.;barge.in;userSA;user_words;structS.time;structS.date;structS.foodtype;structS.price;structS.localization;user.scen.time;user.scen.date;user.scen.foodtype;user.scen.price;user.scen.localization;class
44;1;70;1;4;Guten Abend! Herzlich Willkommen bei Boris, dem Bochumer Restaurant-Informationssystem. Boris erlaubt es Ihnen, eine Recherche nach den folgenden Kriterien durchzuführen: der Art der Küche, der Tageszeit oder dem Preis der Mahlzeit, dem ungefähren Ort des Restaurants oder nach dessen Öffnungszeiten. Stellen Sie bitte Ihre Frage.;Ähm, ich suche ein Restaurant mit italienischer Küche in mittlerer Preisklasse im Raum Bochum Querenburg.  ;request;ALL;italian average querenburg ;foodtype price localization ;open;1;46;3;swiss time foodtype ;foodtype field field ;0;2;1;2;0;0;0;1;0;0;;neutral;neutral;italian;average;querenburg;;;;;;3;0;0;provide ;15;;;;;;neutral;neutral;italian;average;querenburg;failed
44;2;70;1;4;Sie können zwischen den folgenden Möglichkeiten wählen: Mittagessen, Abendessen oder keine Präferenz.;Ähm, Abendessen.  ;indicateValues;time;evening ;time ;choice;1;12;1;evening ;time ;1;0;0;0;1;0;0;0;0;1;;evening;neutral;italian;average;querenburg;;;swiss ;;;4;0;0;provide ;2;;;neutral ;;;neutral;neutral;italian;average;querenburg;failed
44;3;70;1;4;Sie möchten also abends essen gehen?;Hmhm.  ;explConfirm;;yes ;logical ;closed;0;6;1;;;0;1;0;0;0;0;1;0;0;1;;evening;neutral;italian;average;querenburg;evening ;;swiss ;;;4;0;0;affirm ;1;hor3 hor6 hor9 hor12 hor15 hor18 hor21 ;hor ;neutral ;;;neutral;neutral;italian;average;querenburg;failed
44;4;70;1;4;Wiederholen Sie bitte die Tageszeit der Mahlzeit.;Abends.  ;repetitionRequest;time;evening ;time ;closed;0;7;1;evening ;time ;1;0;0;0;1;0;0;0;0;1;;evening;neutral;italian;average;querenburg;;;swiss ;;;4;0;0;provide ;1;hor3 hor6 hor9 hor12 hor15 hor18 hor21 ;hor ;neutral ;;;neutral;neutral;italian;average;querenburg;failed
44;5;70;1;4;Sie möchten also abends essen gehen?;Ja.  ;explConfirm;;yes ;logical ;closed;0;6;1;yes ;logical ;1;0;0;0;1;0;0;0;0;1;;evening;neutral;italian;average;querenburg;evening ;;swiss ;;;4;0;0;affirm ;1;hor ;hor ;neutral ;;;neutral;neutral;italian;average;querenburg;failed
44;6;70;1;4;An welchem Tag beabsichtigen Sie essen zu gehen? ;Ist egal.  ;request;date;neutral ;date ;closed;0;8;1;neutral ;date ;1;0;0;0;1;0;0;0;0;1;;evening;neutral;italian;average;querenburg;evening ;;swiss ;;;5;0;0;provide ;2;hor ;hor ;neutral ;;;neutral;neutral;italian;average;querenburg;failed
44;7;70;1;4;Wieviel möchten Sie ungefähr pro Person ausgeben?;Ähm, 15 bis 20 Euro.  ;request;price;average ;price ;closed;0;7;1;average ;price ;1;0;0;0;1;0;0;0;0;1;;evening;neutral;italian;average;querenburg;evening ;neutral ;swiss ;;;5;0;0;provide ;5;hor ;hor ;neutral ;;;neutral;neutral;italian;average;querenburg;failed
44;8;70;1;4;Sie möchten also in der mittleren Preisklasse essen gehen?;Ja.  ;explConfirm;;yes ;logical ;closed;0;9;1;yes ;logical ;1;0;0;0;1;0;0;0;0;1;;evening;neutral;italian;average;querenburg;evening ;neutral ;swiss ;average ;;5;0;0;affirm ;1;hor ;hor ;neutral ;prx7 ;;neutral;neutral;italian;average;querenburg;failed
44;9;70;1;4;Es gibt mehrere auf Ihre Anfrage passende Restaurants.  {Brinkhoff's Stammhaus    Harpener Hellweg 157} {Casa Portuguesa          Breite Str. 81  } Vielen dank, dass sie Boris benutzt haben. Auf Wiedersehen und einen schönen Abend! ;;inform;;;;na;0;32;0;;;NA;NA;NA;NA;NA;NA;NA;NA;0;1; 11 113;evening;neutral;italian;average;querenburg;evening ;neutral ;swiss ;average ;;5;NA;0;;0;hor ;hor ;neutral ;prx7 ;;neutral;neutral;italian;average;querenburg;failed
